{
  "op": "vector_assembler",
  "attributes": {
    "input_shapes": {
      "data_shape": [{
        "base": "tensor",
        "isNullable": true,
        "tensorShape": {
          "dimensions": [{
            "size": 3,
            "name": ""
          }]
        }
      }, {
        "base": "tensor",
        "isNullable": true,
        "tensorShape": {
          "dimensions": [{
            "size": 6,
            "name": ""
          }]
        }
      }, {
        "base": "tensor",
        "isNullable": true,
        "tensorShape": {
          "dimensions": [{
            "size": 4,
            "name": ""
          }]
        }
      }],
      "type": "list"
    }
  }
}